E102,Shyam,Singh,shyam.singh@gmail.com,45
E108,Shyam,Singh,shyam.singh@gmail.com,45
E1012,Mohan,Reddy,mohan.reddy@gmail.com,49
E1017,Shyam,Singh,shyam.singh@gmail.com,45
E1023,Shyam,Singh,shyam.singh@gmail.com,45
E1028,Ram,Singh,ram.singh@gmail.com,55
E103,Mohan,Reddy,mohan.reddy@gmail.com,49
E105,Shyam,Singh,shyam.singh@gmail.com,45
E109,Mohan,Reddy,mohan.reddy@gmail.com,49
E1013,Ram,Singh,ram.singh@gmail.com,55
E1016,Ram,Singh,ram.singh@gmail.com,55
E1020,Shyam,Singh,shyam.singh@gmail.com,45
E1024,Mohan,Reddy,mohan.reddy@gmail.com,49
E1027,Mohan,Reddy,mohan.reddy@gmail.com,49
E101,Ram,Singh,ram.singh@gmail.com,55
E106,Mohan,Reddy,mohan.reddy@gmail.com,49
E1010,Ram,Singh,ram.singh@gmail.com,55
E1014,Shyam,Singh,shyam.singh@gmail.com,45
E1019,Ram,Singh,ram.singh@gmail.com,55
E1022,Ram,Singh,ram.singh@gmail.com,55
E1026,Shyam,Singh,shyam.singh@gmail.com,45
E1030,Mohan,Reddy,mohan.reddy@gmail.com,49
E104,Ram,Singh,ram.singh@gmail.com,55
E107,Ram,Singh,ram.singh@gmail.com,55
E1011,Shyam,Singh,shyam.singh@gmail.com,45
E1015,Mohan,Reddy,mohan.reddy@gmail.com,49
E1018,Mohan,Reddy,mohan.reddy@gmail.com,49
E1021,Mohan,Reddy,mohan.reddy@gmail.com,49
E1025,Ram,Singh,ram.singh@gmail.com,55
E1029,Shyam,Singh,shyam.singh@gmail.com,45
