E101,Ram,Singh,ram.singh@gmail.com,45
E102,Shyam,Singh,shyam.singh@gmail.com,35
E103,Mohan,Reddy,mohan.reddy@gmail.com,39
E104,Sohan,Kumar,sohan.singh@gmail.com,45
E105,Sachin,Tendulkar,sachin.tendulkar@gmail.com,35
E106,James,Gosling,james@gmail.com,39
E107,Java,CodingSkills,javacodingskills@gmail.com,45
E108,Spring,Batch,spring.batch@gmail.com,35
E109,Spring,Boot,springboot@gmail.com,39
E1010,Ram,Singh,ram.singh@gmail.com,45
E1011,Shyam,Singh,shyam.singh@gmail.com,35
E1012,Mohan,Reddy,mohan.reddy@gmail.com,39
E1013,Ram,Singh,ram.singh@gmail.com,45
E1014,Shyam,Singh,shyam.singh@gmail.com,35
E1015,Mohan,Reddy,mohan.reddy@gmail.com,39
E1016,Ram,Singh,ram.singh@gmail.com,45
E1017,Shyam,Singh,shyam.singh@gmail.com,35
E1018,Mohan,Reddy,mohan.reddy@gmail.com,39
E1019,Ram,Singh,ram.singh@gmail.com,45
E1020,Shyam,Singh,shyam.singh@gmail.com,35
E1021,Mohan,Reddy,mohan.reddy@gmail.com,39
E1022,Ram,Singh,ram.singh@gmail.com,45
E1023,Shyam,Singh,shyam.singh@gmail.com,35
E1024,Mohan,Reddy,mohan.reddy@gmail.com,39
E1025,Ram,Singh,ram.singh@gmail.com,45
E1026,Shyam,Singh,shyam.singh@gmail.com,35
E1027,Mohan,Reddy,mohan.reddy@gmail.com,39
E1028,Ram,Singh,ram.singh@gmail.com,45
E1029,Shyam,Singh,shyam.singh@gmail.com,35
E1030,AAABB,Reddy,mohan.reddy@gmail.com,39